{
  "batches": [
    "2C",
    "3C",
    "R2.5",
    "R3",
    "RW",
    "satellite"
  ],
  "repeats_per_batch": 1,
  "total_experiments": 6,
  "random_seed_policy": "unfixed",
  "elapsed_seconds": 68.47556839999743,
  "per_batch": {
    "2C": {
      "MAE": {
        "mean": 0.014315352775156498,
        "std": 0.0,
        "min": 0.014315352775156498,
        "max": 0.014315352775156498
      },
      "MAPE_percent": {
        "mean": 1.5664400532841682,
        "std": 0.0,
        "min": 1.5664400532841682,
        "max": 1.5664400532841682
      },
      "MSE": {
        "mean": 0.0002998685522470623,
        "std": 0.0,
        "min": 0.0002998685522470623,
        "max": 0.0002998685522470623
      },
      "RMSE": {
        "mean": 0.017316713090164148,
        "std": 0.0,
        "min": 0.017316713090164148,
        "max": 0.017316713090164148
      }
    },
    "3C": {
      "MAE": {
        "mean": 0.012581451795995235,
        "std": 0.0,
        "min": 0.012581451795995235,
        "max": 0.012581451795995235
      },
      "MAPE_percent": {
        "mean": 1.3594063930213451,
        "std": 0.0,
        "min": 1.3594063930213451,
        "max": 1.3594063930213451
      },
      "MSE": {
        "mean": 0.0002627798239700496,
        "std": 0.0,
        "min": 0.0002627798239700496,
        "max": 0.0002627798239700496
      },
      "RMSE": {
        "mean": 0.016210485001074137,
        "std": 0.0,
        "min": 0.016210485001074137,
        "max": 0.016210485001074137
      }
    },
    "R2.5": {
      "MAE": {
        "mean": 0.010698585771024227,
        "std": 0.0,
        "min": 0.010698585771024227,
        "max": 0.010698585771024227
      },
      "MAPE_percent": {
        "mean": 1.1642634868621826,
        "std": 0.0,
        "min": 1.1642634868621826,
        "max": 1.1642634868621826
      },
      "MSE": {
        "mean": 0.00022487971000373363,
        "std": 0.0,
        "min": 0.00022487971000373363,
        "max": 0.00022487971000373363
      },
      "RMSE": {
        "mean": 0.014995989797400291,
        "std": 0.0,
        "min": 0.014995989797400291,
        "max": 0.014995989797400291
      }
    },
    "R3": {
      "MAE": {
        "mean": 0.00598156126216054,
        "std": 0.0,
        "min": 0.00598156126216054,
        "max": 0.00598156126216054
      },
      "MAPE_percent": {
        "mean": 0.6687450222671032,
        "std": 0.0,
        "min": 0.6687450222671032,
        "max": 0.6687450222671032
      },
      "MSE": {
        "mean": 0.00010090768046211451,
        "std": 0.0,
        "min": 0.00010090768046211451,
        "max": 0.00010090768046211451
      },
      "RMSE": {
        "mean": 0.010045281502382822,
        "std": 0.0,
        "min": 0.010045281502382822,
        "max": 0.010045281502382822
      }
    },
    "RW": {
      "MAE": {
        "mean": 0.013560394756495953,
        "std": 0.0,
        "min": 0.013560394756495953,
        "max": 0.013560394756495953
      },
      "MAPE_percent": {
        "mean": 1.4902927912771702,
        "std": 0.0,
        "min": 1.4902927912771702,
        "max": 1.4902927912771702
      },
      "MSE": {
        "mean": 0.00039741169894114137,
        "std": 0.0,
        "min": 0.00039741169894114137,
        "max": 0.00039741169894114137
      },
      "RMSE": {
        "mean": 0.01993518745688491,
        "std": 0.0,
        "min": 0.01993518745688491,
        "max": 0.01993518745688491
      }
    },
    "satellite": {
      "MAE": {
        "mean": 0.010284047573804855,
        "std": 0.0,
        "min": 0.010284047573804855,
        "max": 0.010284047573804855
      },
      "MAPE_percent": {
        "mean": 1.1100780218839645,
        "std": 0.0,
        "min": 1.1100780218839645,
        "max": 1.1100780218839645
      },
      "MSE": {
        "mean": 0.00020456596394069493,
        "std": 0.0,
        "min": 0.00020456596394069493,
        "max": 0.00020456596394069493
      },
      "RMSE": {
        "mean": 0.014302655835217979,
        "std": 0.0,
        "min": 0.014302655835217979,
        "max": 0.014302655835217979
      }
    }
  },
  "all_experiments_aggregate": {
    "MAE": {
      "mean": 0.011236898989106217,
      "std": 0.0030166078336137966,
      "min": 0.00598156126216054,
      "max": 0.014315352775156498
    },
    "MAPE_percent": {
      "mean": 1.2265376280993223,
      "std": 0.3259840649814569,
      "min": 0.6687450222671032,
      "max": 1.5664400532841682
    },
    "MSE": {
      "mean": 0.0002484022382607994,
      "std": 9.928634214282176e-05,
      "min": 0.00010090768046211451,
      "max": 0.00039741169894114137
    },
    "RMSE": {
      "mean": 0.015467718780520716,
      "std": 0.0033139548556115556,
      "min": 0.010045281502382822,
      "max": 0.01993518745688491
    }
  }
}