{
  "protocol": "XJTU six conditions, ten stochastic repeats per condition",
  "batches": [
    "2C",
    "3C",
    "R2.5",
    "R3",
    "RW",
    "satellite"
  ],
  "repeats_per_batch": 10,
  "total_experiments": 60,
  "random_seed_policy": "unfixed",
  "elapsed_seconds": 1110.413192699998,
  "per_batch": {
    "2C": {
      "MAE": {
        "mean": 0.006354980543255806,
        "std": 0.0009295497422749366,
        "min": 0.00509188137948513,
        "max": 0.007689892314374447
      },
      "MAPE_percent": {
        "mean": 0.7029450312256813,
        "std": 0.10359608795827463,
        "min": 0.5604427307844162,
        "max": 0.8586130104959011
      },
      "MSE": {
        "mean": 8.327276300406084e-05,
        "std": 1.978529487436507e-05,
        "min": 5.8439916756469756e-05,
        "max": 0.00011548248585313559
      },
      "RMSE": {
        "mean": 0.009067803238977688,
        "std": 0.001078943631133188,
        "min": 0.007644600496851994,
        "max": 0.010746277767354406
      }
    },
    "3C": {
      "MAE": {
        "mean": 0.011245207488536834,
        "std": 0.001007227970270935,
        "min": 0.01005230750888586,
        "max": 0.013444310054183006
      },
      "MAPE_percent": {
        "mean": 1.2038732413202524,
        "std": 0.10673642662074524,
        "min": 1.0749265551567078,
        "max": 1.4350902289152145
      },
      "MSE": {
        "mean": 0.00017188847268698738,
        "std": 2.655326815742628e-05,
        "min": 0.00013869286340195686,
        "max": 0.00023109732137527317
      },
      "RMSE": {
        "mean": 0.013077401122162779,
        "std": 0.0009832217886130146,
        "min": 0.011776793426139258,
        "max": 0.015201885454616253
      }
    },
    "R2.5": {
      "MAE": {
        "mean": 0.007968175038695336,
        "std": 0.0010049279692181487,
        "min": 0.006506242323666811,
        "max": 0.009486041031777859
      },
      "MAPE_percent": {
        "mean": 0.85098538082093,
        "std": 0.10961298896158027,
        "min": 0.693491892889142,
        "max": 1.0193132795393467
      },
      "MSE": {
        "mean": 0.00010611021280055865,
        "std": 2.5455720177969095e-05,
        "min": 6.730162567691877e-05,
        "max": 0.00014633672253694385
      },
      "RMSE": {
        "mean": 0.010231721418625783,
        "std": 0.0012570201148364298,
        "min": 0.008203756802643456,
        "max": 0.01209697162669004
      }
    },
    "R3": {
      "MAE": {
        "mean": 0.006861779745668173,
        "std": 0.0007932059528237534,
        "min": 0.005746242590248585,
        "max": 0.008705268613994122
      },
      "MAPE_percent": {
        "mean": 0.7652096217498183,
        "std": 0.0883330790004454,
        "min": 0.6362037267535925,
        "max": 0.9663286618888378
      },
      "MSE": {
        "mean": 0.00012619119443115778,
        "std": 2.162511441568549e-05,
        "min": 9.391877392772585e-05,
        "max": 0.00016249674081336707
      },
      "RMSE": {
        "mean": 0.011196404262612692,
        "std": 0.0009613220175628939,
        "min": 0.009691169894688972,
        "max": 0.01274742094752374
      }
    },
    "RW": {
      "MAE": {
        "mean": 0.010207706037908793,
        "std": 0.001590320179394042,
        "min": 0.008078569546341896,
        "max": 0.01380965393036604
      },
      "MAPE_percent": {
        "mean": 1.1116632726043463,
        "std": 0.168634398656321,
        "min": 0.8874844759702682,
        "max": 1.4923647046089172
      },
      "MSE": {
        "mean": 0.00017613578675081953,
        "std": 4.1788094314924015e-05,
        "min": 0.00012735060590784997,
        "max": 0.00026936180074699223
      },
      "RMSE": {
        "mean": 0.013193572851920396,
        "std": 0.0015148971919237643,
        "min": 0.011284972570097366,
        "max": 0.01641224545109511
      }
    },
    "satellite": {
      "MAE": {
        "mean": 0.005834742728620767,
        "std": 0.0004552605234255996,
        "min": 0.005185552407056093,
        "max": 0.0066233910620212555
      },
      "MAPE_percent": {
        "mean": 0.6402023555710912,
        "std": 0.04981419411424084,
        "min": 0.5676879081875086,
        "max": 0.7255651522427797
      },
      "MSE": {
        "mean": 0.0001184838154586032,
        "std": 1.8419184484522535e-05,
        "min": 9.205410606227815e-05,
        "max": 0.00015278701903298497
      },
      "RMSE": {
        "mean": 0.010856078868720354,
        "std": 0.0008362396351967883,
        "min": 0.009594483105528831,
        "max": 0.012360704633352622
      }
    }
  },
  "all_experiments_aggregate": {
    "MAE": {
      "mean": 0.008078765263780952,
      "std": 0.0022431706729484587,
      "min": 0.00509188137948513,
      "max": 0.01380965393036604
    },
    "MAPE_percent": {
      "mean": 0.8791464838820199,
      "std": 0.2354234700791124,
      "min": 0.5604427307844162,
      "max": 1.4923647046089172
    },
    "MSE": {
      "mean": 0.00013034704085536456,
      "std": 4.248954887635949e-05,
      "min": 5.8439916756469756e-05,
      "max": 0.00026936180074699223
    },
    "RMSE": {
      "mean": 0.01127049696050328,
      "std": 0.0018382763994192698,
      "min": 0.007644600496851994,
      "max": 0.01641224545109511
    }
  }
}